id,DM1,DM2,DM3,DM4,DM5,DM6,DM7,DM8,DM9,DM10,DM11,DM12,DM13,DM14,DM15,DM16,DM17,DM18,DM19,DM20,DM21,DM22,DM23,DM24,DM25,DM26,DM27,DM28,DM29,DM30
27,0.19160473840390882,0.05670989309995159,-0.026992677004985224,0.03820888946263176,0.1253448809153798,0.020428122052987146,-0.11552465713221598,-0.09998315616144372,-0.00454252683057594,-0.06281397097212718,0.11332576456134609,-0.20522952789612195,-0.016648410629352735,-0.08042571999929153,0.17174173149040758,0.13167989649311512,0.08263818784765589,0.22673096480419438,-0.21559464369595185,0.3091863020327995,-0.22967592083022664,-0.19456905187648352,0.16224518730822585,0.0841902334476429,0.12585002040175836,0.3388246491349336,0.1785422942634982,-0.14733401833693835,0.033440874990742504,-0.10037461060786292
15,-0.026518590530496884,-0.086209966348675,0.0434708599171757,-0.1201019581575541,0.004334422281042718,0.04881924981710067,0.14042424120539357,0.18680196648316283,0.028552233284923418,0.11511437747857431,-0.1119776500715749,0.15499322803655183,0.01408001631470385,0.0018568395017090897,-0.06160990016103005,-0.024533875036670635,0.027776767164669664,-0.0660147565646992,0.09514756521395472,0.12462915703857534,-0.02303507872810224,-0.12122483564967731,-0.03388511390783512,0.049479495871044554,-0.013334961587724962,0.03514913984927604,0.0035736506898397845,-0.05369583474485793,0.17110704899334236,-0.2068150343321652
10,0.15888810833927644,-0.045708194615353914,-0.01055941612729351,-0.009354704382158418,0.13734669439757827,0.018043194396006042,0.06025038182708502,0.040817615786482304,-0.035171570364689694,0.01706743858059149,-0.03277453662078558,0.05645821741699875,0.052545449000486404,-0.11230537816796272,0.071612199817938,-0.0998216529398805,0.04038584672386983,-0.022514069984276432,-0.018401307380841857,0.060022339286624815,-0.09289233846737811,0.05806539836866667,-0.11961201297207198,0.07590367621326738,0.18718011123586026,-0.041533751895523614,-0.015869983807155704,-0.0399381831606354,-0.07373700344347889,0.04708655390881867
9,0.11726659899785895,-0.002351071021214918,-0.047836144927624946,-0.004228872180967529,0.1551470400515763,-0.04008913449092272,-0.0250241513619191,0.07907502667348405,-0.11420248558134699,-0.07135669265057339,0.006680392419081476,-0.08342285187167656,0.1344820866403107,-0.01307505209496164,0.004293444686907994,-0.09834855736741643,-0.0011752053000861312,0.09840963988296779,-0.056395929249799734,-0.11193911316167975,0.016215660577894746,0.0836627350629239,-0.07728039935857861,0.009576895417549618,0.10581534334383016,0.00021842486619035343,-0.04372822446733419,0.08776118224738737,-0.013947126349478048,0.01931309868127824
53,-1.3561844636936533,0.7438673187094187,-1.0530060017286311,0.6772374804891149,0.3626345096024963,0.33950028395304876,0.051149900176265736,-0.17271524574046654,-0.025601961184084875,-0.21443767750098675,-0.2417320597386896,0.4634093202625547,-0.15347164549179312,-0.46479784822318065,0.08666729303779215,-0.10842779930243628,0.021966383970217024,0.08649309999226151,-0.2572053543878138,0.08348410366857396,0.04621904857111697,-0.0856786329877324,-0.1787980257866363,0.1047852421368797,-0.12798408194647734,0.000532860304070965,0.041573973980357684,0.06425611399246908,0.06781041645410515,-0.04823873905318432
50,-0.015424353641365327,0.03428607875210834,-0.012340523043727724,-0.02109172123911942,-0.1097043100192538,-0.04072829684276217,0.02475879961181245,-0.007104130955179087,0.050762707675840485,0.06312371751467907,-0.04110509974131185,-0.012604953310651246,0.13025839234815745,0.2178029379538521,-0.16987898331731577,-0.2632448720802467,0.19969526374661753,-0.09158004296984085,-0.056061203650867725,0.3438664396543783,0.031104540941815303,0.30627015751037223,0.05535599012018894,-0.007777148626173699,-0.17544619313224807,0.19923834814075156,-0.13202424583636121,0.18082783024568375,-0.09336923586635915,0.028479066334375407
65,-0.027722390268637074,-0.02978782110924512,-0.20622837315925732,-0.32351644606258434,0.19063676602021598,-0.21838721769667177,-1.6422490368203184,-0.10679688568789326,-0.2535198625760091,1.0592043668926134,0.559096932267449,0.6053390012991989,0.011243257425990263,-0.09930144670993865,-0.02599318893499197,0.010290357912892822,-0.03404827965716497,-0.03442231600552102,-0.04272435128442537,-0.024466699424084398,0.15842671514043427,-0.1029790135618565,-0.007461874635239953,-0.023591783281958857,0.012048338833205084,-0.029024585809828165,0.11031607600088594,0.12985941299226614,-0.08867452731945313,0.014975937490305758
71,0.34653095911514636,0.08106773311723778,0.06904967231950111,0.10405982282424187,0.01387065203790352,0.19189351126161314,-0.09974847341685784,0.7589752210237801,-0.5015006837146759,-0.867200496297845,0.5823209738932437,0.8340317518048942,-1.879297482902777,0.9083281117117153,-0.3061980435943513,-0.02337685997586487,-0.04909127008544937,0.28494361265380225,-0.3256582911915454,-0.11180788127516654,-0.21924730642265883,0.13755267783313183,-0.010439392893171114,-0.02071113094065572,0.06342152056801036,-0.02060132465097438,0.02741415663332481,0.11775571204648021,-0.04239024997760515,0.10981229919229726
28,0.12214412221705999,0.1440837673933025,-0.08107117446864574,0.11967848875663979,-0.27418485578241225,-1.2071676316081146,0.37898519609191,-0.46428352439777526,-0.13414493113318995,0.10987197537831841,-0.1049334706512075,0.3503605349871476,-0.15347334371763185,-0.039729108593816294,0.019980442963477445,0.09398156554839002,-0.06345895177462403,0.17008545607969114,0.0791878352123402,0.013004921053545879,-0.0710848238221537,-0.014973256683711165,0.1104612224523279,-0.053148736808676905,-0.008394315121386263,0.017174023630807698,-0.017347623346897153,0.07987591603202553,0.011496142780528885,-0.0618805993039167
79,0.2322704450297281,0.012398661838800085,0.011610817884183928,0.16846038835635643,-0.10608775587988294,0.08003306813215162,-0.18488844060928272,0.09466122876728587,0.7778398255136704,0.10709755996877432,-0.49945686083820007,0.055027203862537906,-0.30278394078214776,-0.09628087693896176,-0.07747398956283448,-0.05642672493510856,0.03974989482867146,0.021713835722926476,0.14615605974423257,-0.04194708789281819,0.12854388476111958,0.06525813815844143,-0.0013060880712453611,-0.13864031366676588,0.1729102485922423,0.05577822462174728,0.10753275164840953,0.10844858576024337,-0.37943143192789636,-0.12480552095481086
72,-0.2301577207419309,-2.959891273706168,-0.9595876934073251,1.264453730992466,-0.35212164485064895,0.03414049769847182,-0.16712306958398937,-0.3418590426717762,-0.2782183569619619,-0.2315598330833262,0.09431217845887122,-0.15261369062343463,-0.053688012967866953,0.01154604012291888,-0.09310482748069465,0.03362103606064575,0.030533769411305974,-0.03938652320999815,-0.03102448968689769,0.02085403493573373,0.11322327672852793,-0.01614027526116207,0.06066341303153286,-0.11286008726301729,-0.06207589766492998,-0.01170589026652625,0.04871474107156141,0.0762803907225811,0.019553907312932023,0.0041214019663825706
73,-1.3289364388066447,-0.3148715829620121,2.590627559763224,0.973426815493945,1.0762732107312272,-0.5939105026217065,-0.5122912891660727,-0.11847735095975707,0.057663465622033276,-0.41503983135713307,-0.11449914939297358,0.03925873540538778,0.02275346553374479,-0.05985831435439363,-0.1463118902335661,-0.1857522252820652,-0.018910637448042292,-0.200878882362525,-0.10096574429998115,0.09409931876849273,-0.04025266604565281,-0.06725952058121089,-0.02014796539135558,0.012522209492175642,0.0003472752757299603,0.02771341443625195,0.12525445717149003,-0.03814953067271244,-0.054630747201888576,-0.0403777814818469
61,-0.3085966126642545,-0.008979038482493746,0.01853639845420621,-0.20325700377134312,-0.1253975864779688,-0.14602335086448548,0.2570552585623037,0.02064419777664982,-0.04485407552097668,0.3474757216900584,0.3054255942520591,-0.6137972118577754,-0.5289761892721953,-0.41251004481096853,-0.23965894683185354,-0.07152660972691768,0.022687897311013006,-0.2145202173261246,-0.11473449468447716,-0.051619779482131235,0.12424996553712646,0.05472821802556232,-0.035303533973164686,0.107996427337152,0.0444706827886018,0.07318438720577186,0.06818314072061235,-0.01177859313716473,-0.074669380016336,-0.01701715094313617
21,-0.3015610742454311,-0.20853176952985875,0.023511862751224622,-0.8981662206974415,-0.16744307790826735,0.07704944538962137,-0.27262876094625726,-0.5282327290727982,-0.0021082828622861673,-0.6262010203621012,-0.2368766319122999,0.04555607353338047,-0.0824364295277005,-0.09712547264479197,-0.026953474433169502,0.08010460447159963,0.01238626063207374,-0.10642873606216798,0.013886891903585366,0.008921432732585412,0.009196992390886703,0.10432691871083113,-0.12022515640330844,0.009360619209774261,-0.015742217028184704,0.05444324859897435,0.052452886163188696,0.03813464931716381,0.04578722672888939,0.027055527991573545
29,0.21187342460160524,0.10539417496590474,0.12700440319422202,0.1870069444431513,-0.29018894054399935,0.23745390610822245,-0.05259127998687563,-0.08350760150271543,-0.026832295255560145,-0.05885884020996323,0.028599924967965387,0.11886529355460308,0.06781835959067742,-0.3182339893235712,-0.1700170851683309,-0.12785785064173172,-0.4675711847644435,-0.026102440085500847,0.01001747754130434,-0.04371435309847741,-0.23072790495000392,0.14631346054870065,0.16879189028102645,-0.0513351107309558,-0.024569063853095856,0.02659746673778134,0.001828693155582704,0.016127725528303133,-0.01964851657287242,-0.08608785685155605
66,0.5659900748483868,-0.06651701642187381,-0.06447203210545474,-0.024795386453360886,1.406680425898458,0.5654934383392635,0.5793537299826123,-1.2991416379558227,0.18559611948342136,0.38853841851504944,0.20073156254907573,0.10642210767469004,-0.2908306724195891,0.3523102950071195,-0.2260645612368743,-0.09609394604835422,-0.04010779887979727,-0.05688054826371042,0.135603948671259,-0.35150316837822765,0.07242046621145933,0.0721458417784473,0.17369071328869187,-0.13118460518797756,-0.27422979836133665,-0.0740373970665179,0.006609830034279492,-0.09177640430128199,-0.02440279377540544,-0.10200429901939509
80,-0.1709747511268315,0.07027925559028828,-0.15453613222964596,0.003579652186412912,0.01031341456017503,0.018920284687711914,-0.029700512729913572,0.14557323112736514,-0.04918277056717966,-0.07884610049535963,-0.082072692696299,-0.02157272506774408,0.20658795223781026,0.3685900602983307,-0.19226983381795215,0.04333809095474427,0.16441966458836105,-0.49971305638994146,0.7476945712150629,-0.6192563531973162,-0.22205261154965616,-0.25744222097658237,1.4475052901906869,1.9285201945547228,0.25982773040207247,-0.47380814547520245,0.9992950452014391,0.6272641603880937,0.2257300699018009,0.5522666553914851
86,-0.5574723753012333,-0.1394699373537387,-0.15505060525014,-0.32116478874644516,-0.13600784911452507,-0.3438744024760563,0.5547477359945358,0.20249301781557358,1.980545501225976,-0.6729727290810276,2.6085519517887867,0.5439695437882881,0.7367896480780803,-0.12293176855214308,0.00931558391711694,-0.09935857750473576,0.043199381587074155,0.26092839280737723,0.3139090849872441,-0.028557754772399198,0.16165663781018239,0.17004149692706286,-0.1655773181672103,-0.11932946309601558,0.06088346338025182,-0.2022267126434379,0.2077010379482943,-0.10293044318293511,-0.0932769397759232,-0.14137639453825637
62,0.06719492786228211,0.0028824709993521633,0.03208978544243797,-0.017667942103453592,0.043516798729374175,0.06892041946376157,0.09142886503998932,0.1706232291923425,-0.11754633966237274,0.0224573636107865,-0.03782009684668785,0.13099674015798224,0.32176394536903297,-0.23007837463206296,-0.8297224233168257,0.6103878790913666,0.3472892097650558,0.15573519089230706,-0.268140813511838,-0.06741449044974433,-0.1662096392742248,0.17105147945913643,-0.0239216217569952,-0.05168058701205168,-0.10968769605765309,-0.20294005563024045,0.06467965033234892,0.06992042584756017,0.06003332748988554,0.06455845653144779
46,0.03744846902102821,-0.046009981549187715,-0.026178369404507802,0.03120451571271699,-0.01296458801747614,0.0401092823249932,0.042834152874233006,0.060281290252388584,0.10940636926673558,-0.057264250080616905,0.12432002400354396,0.035410973881316164,0.06790335892232355,-0.07431258284753607,0.10593061587680067,-0.0078233646229863,0.10203538188612714,-0.14090905104991186,-0.0943968886117029,-0.1606972262713344,-0.06753062207276156,-0.10035861382912904,0.08843025662316162,0.018624507480761606,0.053677324459659025,0.3676568114585119,-0.27581851210494934,-0.08714225133406313,0.2873266850649114,-0.01726786815430453
41,-0.04093300186242048,-0.062368121428867156,0.05313019728236722,-0.06901869180505557,-0.010180653548341167,0.0362743203331516,0.12206584191586058,0.12097795210364096,0.07339340105022142,0.10048288892950698,-0.08260227130224286,0.08959371671415414,0.04800045875891772,0.12770826536891539,0.22270989398458044,0.2296859838578056,-0.1749262464229265,-0.18271418766270106,-0.31171324333713873,-0.012970155389418966,0.11134369494866765,0.07254086561610866,0.048925793843795876,0.021521415173373068,-0.019938411015403758,-0.04026287886376086,0.033195643022136706,-0.023112065950239874,0.021524192597517477,0.023010618931650326
44,-0.31430909909340166,0.14612384606196335,-0.10025936949508182,0.046908740133148656,-0.05231143332637317,0.027172354167421114,-0.06676990459391531,-0.011440226872569582,-0.10052276166395102,0.0524135009773024,0.02057964804504929,-0.24175085983839176,0.03203875399565434,0.26145689255231247,0.06740762193796912,0.10230857687898108,-0.03967493144353629,0.08652136995387859,0.24826905213563943,-0.09112023161648215,-0.05262557869366942,0.2062410999788137,0.1522923358825535,-0.12419026170857668,0.03794512289800397,-0.09407736234914778,-0.026778559483300112,-0.05211991597040614,-0.1477751932491452,0.08740928075398302
1,-0.06026426991261639,-0.08469937940607067,0.007248734252037335,-0.09032896068115978,0.023430626029152947,-0.0048775879094938406,0.07003565282332024,0.11878140972825631,0.00013251313240212692,0.08508464334572227,-0.05275730391260996,0.03446174454640081,0.033352038076458534,0.021922132783187488,-0.011179044416264534,-0.03439045306590081,-0.02584232330637336,-0.004808525378850662,0.0042210386337572636,0.0046698570951899145,-0.014145988921954268,0.023539663078578174,0.0014088656553334841,0.016420268491026416,-0.013279540699189383,0.013383358675858027,-0.03738292859606839,-0.002655337600323588,0.02942277691812774,-0.02566699184590783
81,-0.11271940486624778,-0.13593846830452236,-0.039949218484449815,-0.1747914444633267,0.13909193026992558,-0.08614823863137593,0.1366588799881151,0.4582575282737495,-0.12782850693878145,0.30305575041104876,-0.17805408234826295,0.03747733287806517,0.2165975348667135,0.24960581388425715,-0.03808174108068043,-0.43878613121933996,-0.253722342748545,0.4879658296730237,0.31848151925225354,-0.3921800522074819,-0.2520648214769762,0.7181959024691781,-0.592477774078217,0.29451688811413346,-1.3364713778905892,1.0001851041904917,0.688268484368869,-0.8926926719485663,-0.23305705465887497,0.7615726646380018
8,0.22110645292964398,0.07766530383580354,-0.04650429084842824,0.09706476147611477,0.09741128385084231,-0.05639670833253818,-0.09458712534319551,0.09009407015424921,-0.09729200301021582,-0.19724807134542408,0.05336056945401416,-0.0805379036160995,0.017573313212532263,-0.08314686033663253,0.04401028263879023,0.02310495807977157,-0.009831838944128934,-0.0805628359970599,0.060990197643433705,-0.018524752735719983,0.07465220514744063,0.049014006454257665,0.002112751481835425,-0.008234498763764708,-0.06948384453304716,-0.014409619556527104,-0.05606671792639139,0.021001588063395134,0.04124750131638598,-0.03965827363239967
22,0.032688699649288847,-0.04343380649080873,0.11339012386773314,-0.017548685522652336,-0.07945224902502822,0.1205395521982989,0.040123657360021804,0.0006760335581883527,0.01657205614121062,0.09281397698270114,-0.032831623000240055,0.0801383800902725,-0.03431941025852691,-0.09099685791396137,0.1500572512572683,0.06322169029251297,0.1463707184248235,0.06552866510845141,0.008212251103744711,-0.03701253896313472,-0.08504185034380285,0.09400550924675281,-0.014989154431911728,0.059774296475795546,-0.03825330939869117,0.008546624348485826,-0.06758187412293731,0.04338044037472588,0.005567510360135402,-0.010599764102468419
30,-0.2038775662080303,0.059483158014951874,-0.07644692237672346,-0.024055418813137032,-0.055334010169443795,0.01437294328223859,0.020836499682578082,0.04495065971516058,-0.05828913267118756,0.0675534259576343,-0.022374670282716266,0.0015403315866253698,0.03714063376741739,0.1925853772123921,-0.08802920146500379,0.09026403412663528,0.053473039101967684,-0.2586799753437885,0.24612311600561668,-0.061889163578945174,-0.11194204362923545,-0.0012223552565380489,0.08265707828501141,-0.1509406335498926,0.20470418464836512,0.14757763593581855,-0.029176472970833006,-0.1458363257714111,0.01723088064193052,-0.022694300603793433
56,0.3904448393228562,0.11732620785926513,-0.027601204254131803,0.1652783273674339,0.14888017905968445,-0.0704092033707035,-0.05672807858111881,0.21220418740585337,-0.21203146951415805,-0.41809906287896653,0.051958038910573344,0.09993173366602322,-0.051072696159412054,-0.4812382568485989,0.15846702891881684,0.1169627915332519,0.2961014566915187,-0.41571490338334044,0.3408804528176567,-0.026062035084664426,0.7010133066886353,0.045838723653452595,0.23005906124955075,-0.16253033259777122,-0.4368914990499701,-0.2559408973403007,0.0314143633417632,-0.4090334500966615,-0.376682177662739,0.07262612421516931
35,0.052638758833451454,0.03996687723547821,0.0895165916890548,0.06125055756965616,-0.011581923586498387,0.1465814066025179,0.03199604347621943,-0.02261885666579163,-0.10422311548279375,0.027623416387391634,0.027158725273745188,0.05271271114742775,0.11274488196557711,-0.09976035514275855,-0.32832661625253223,0.3372611390184085,-0.18810084190651608,0.28752367670551465,0.09140959519865552,0.20415266521878747,0.277842889590226,-0.021198118765595242,-0.030290703747237246,0.14421293503438562,0.042004154397455404,0.08322380514639714,-0.23108820613289488,0.017621160856266322,-0.042129465784940576,0.17625075142225874
69,0.07501815056139872,0.04273495752662753,0.037486846848886486,0.016896490957837823,-0.06915227137574254,0.06715771516501635,0.1519727287461083,0.215076572711767,-0.1252051319292303,0.06280336970262015,-0.09189398251799916,0.1685286510795141,0.5260914611648726,-0.09848345446968211,-1.3883578882011922,0.8857187151721696,0.851175778344308,-0.013905835703059323,-0.5704084720691488,-0.2594280974461203,-0.6139710617344057,0.28893164595724374,-0.175644206697146,-0.3884422816538312,-0.13665651125302275,-0.48196130082457694,0.5193787805297297,-0.1558283227780002,-0.04863390761885712,-0.28236886829438973
37,0.17223657605536152,0.12403562150434536,-0.08098392782667617,0.11245174440089399,0.024205213949473187,-0.12068289518106648,-0.2474960303229347,-0.0006850486418842772,0.055661415396018536,-0.1397427393695638,-0.0011394430981476935,-0.25114577768484814,0.03099299862636715,0.09794355789761511,0.017566499091421363,0.01836352849699872,6.796831483588594e-05,-0.0002504343384557809,0.015635070838618138,0.0426026745122459,0.023328055739275867,0.08371819539118083,-0.09514817338619505,0.20420419668007136,-0.16139856075980927,-0.15992212211347706,-0.06879541630688929,-0.09902202026950682,0.24806176400919958,-0.37590205717848535
23,0.06918873836637933,0.1597469390109708,0.2478829818697273,0.23326412328491766,-0.608148817155212,0.28503228530188834,0.038889378902564685,-0.31372235287798345,-0.08398692187582885,0.05748888533859557,0.084845450648691,0.11194516404785676,0.1003143338845183,0.18356107273729752,-0.04300616013936857,-0.2909360123152826,0.08104343751489247,-0.018195251455975538,-0.1201259707241753,-0.12275082183691267,0.2240502599800432,-0.1419301732710122,-0.08042621847740283,0.052849332299737685,0.06490874005375473,-0.009339116250681588,0.04087477350256678,-0.09039835666970364,-0.0069412533616213905,0.02035651433932559
82,0.0005466683234410291,0.0054627930961771275,-0.010696032679963802,-0.04955460640347403,-0.0054606127301255036,0.09506745173114922,0.07924365778826042,0.04800592470466341,0.18593129202877337,0.23317305339197128,-0.1278614408301476,0.06099682457650865,-0.0228128638185732,0.1740937656481743,-0.1162941733839904,-0.557807786631169,0.37150975918037643,-0.09441067615544199,-0.09403120582677524,1.0323702601443716,0.2954438296570719,0.7097329506470148,0.4868448755842154,-0.2881451024659886,0.0016647718354919913,-0.1267080295353491,0.13452519145888703,0.2354631493590019,0.4971584376176418,0.10720138584298342
42,0.0991366412691136,-0.0620045892238587,-0.030429533663882076,-0.031169142605174838,0.11178481117037713,-0.11239695428973503,0.10702656478011985,0.022325644443143236,-0.03902893919243171,0.07125677321505146,-0.02285618707936484,0.06670551141429268,0.005620408179979985,-0.18335760139439186,0.1326709263378031,-0.15171668003137218,0.044006729941238866,-0.046289110241562695,0.01230218977154963,0.049148720031709774,-0.20885901740585636,0.07627794139879293,-0.22913732870302683,0.09837436378803847,0.35245126692067963,-0.3769819209964165,-0.05506666616736752,-0.28293706616496966,-0.05520690591618979,0.24713801286562734
20,-0.061906042802718775,0.03204260401923978,0.041567160573493994,0.009737644564786362,-0.07165442455220289,0.1247049677156235,0.10795758732767075,0.04185969440645085,-0.04386510547891478,0.10331063663730915,0.044421856451398456,-0.13430706274483456,-0.04619829497286508,0.1216554469858285,0.13587841572293646,0.20092763097160546,-0.19221969946753686,-0.15681824989932577,0.17301024815811003,0.09874068003355722,-0.06719680804093575,-0.16958894205958694,-0.25338602640649477,-0.22259630525312363,-0.09970491667906169,-0.14817754825077678,0.14610888820335974,0.27754312472866444,0.08286690837630432,0.014050253855754194
11,0.01985337031052764,-0.014680875391628087,0.10757567136665178,-0.03037003651220673,-0.0804701871942011,0.14352021757111313,0.08839778122807679,0.008926024779768263,-0.063148632313248,0.03455993531424272,-0.005457236885863118,0.0783669874282429,-0.04624283935687387,-0.04169116949557431,0.037090064406804554,0.09580672302845888,-0.03479548537524368,0.05503401309242219,0.07225122453019389,0.09793548607352491,0.10314412183571814,-0.04360559071506101,-0.07921981052331714,0.027677475311478315,0.03917818197274196,-0.009627269099468698,0.09902212958086884,-0.040084295828815286,0.07745424180700614,-0.033872621494265294
45,-0.26228391592629235,0.08987848292802716,-0.08745010163583052,0.028204100954566,-0.07130644392545546,0.06008536638246903,0.04640648818310241,0.04997726548795608,-0.0933029847781029,0.13348944849764174,-0.0477372078067707,0.10457595967844696,0.041273853975111234,0.28418822538985294,-0.14264573927785706,0.13374842114106833,0.17263099103579693,-0.5416292305355842,0.3814225382726754,-0.15088645124654826,-0.2098349465665274,-0.04024983988694971,0.07195493263427198,-0.3435431706431765,0.4373960484297925,0.4198699407061929,-0.16290632323863713,-0.42107574152017496,0.060688229178440044,-0.18079969029226414
19,-0.18140108101577945,-0.16026608031294667,0.01584423602155901,-0.554908535207122,-0.074989865812498,0.02772072136899327,-0.10903102263321088,-0.24200921483766483,0.009488473389993052,-0.3044691743054867,-0.1641418219710884,0.053537897894956006,-0.02160213809715182,-0.04968287695644799,-0.022354650307937242,0.010539858162311294,-0.013640052166837852,-0.021542260373231883,-0.013984592762062974,0.009433074301627596,0.048704388066725494,0.03368226993395623,-0.04297703262567595,0.0004005668504466703,-0.0024539517101345967,0.0034002581019918223,0.007854979480830929,0.037369217265963435,0.015971047865597818,-0.03212136155958109
32,0.014098930980407988,0.03454046829005947,0.269217556410662,0.0883691496346138,-0.29650973699075067,0.1910281088874851,0.016861765033065246,-0.13794452310524732,-0.04380960970877207,0.12085070356283556,0.045831859646918126,0.0983783897970747,-0.05771249586501405,-0.15285071956018315,0.3115272614895522,0.061232401023978505,0.43000399918545945,0.1416295805869539,-0.0013690308758673145,-0.19588199682545343,-0.08261812606123843,0.14466811279799002,0.01290333841620329,0.043854867265075884,-0.0574178819690618,-0.025193430907335754,-0.16127817183341409,0.04156041652577813,0.08146458123097215,0.09564349875649658
57,-0.12073171435704753,-0.03400774946280517,0.2739730793924348,-0.0026318305385600897,-0.24021188699846988,0.259687552564757,0.06550090125234136,-0.12064560183343,0.10934449952217667,0.18416798849596608,-0.07202574840615826,-0.0010668415467747021,-0.16169424706234659,-0.06631234940221666,0.5937914136072866,0.37581553837479786,0.46523672600024585,0.3310326149447964,0.2430527283173666,-0.0973784166789661,-0.22344214890151298,0.3403052034149808,-0.059955060561326365,0.0639103173616953,-0.2234785928012993,-0.1129170517122067,0.0419420245182161,0.45512854957148,-0.4346655910190111,-0.09621530436571349
63,0.1364584316354828,-0.15235041449392642,-0.03461006339366833,0.05096173522866676,0.020910899946322087,0.0809728720714314,0.022708377631668573,0.18077779591800414,0.2843408881452802,0.04827741674968408,-0.2859586093981117,0.18470232264215766,-0.0501966707902198,-0.0074368251805151005,0.06395140823936421,-0.08336629550650869,0.09826027510338074,-0.2821126297767132,0.08680179332539874,0.18334579656612365,0.08711714190551491,0.13963874678580732,-0.14690957349318126,0.06709910106461187,0.37181470579167164,0.3555471246503738,0.10667501550496133,0.13971508960779758,-0.9695706547301509,-0.7038520931894929
87,0.12270145061429151,-0.07582724503799652,-0.03563848973808225,-0.09688757525788246,0.14734143865681756,-0.2630028506716505,0.15670148953778806,0.27976789135255536,-0.2558378936614438,-0.07723452045448645,-0.19517821693939455,0.07319204373736374,0.2943356939219857,-0.0793381250657659,0.004530535413488074,-0.47973935883486357,-0.08531948687930856,0.6473884686876032,0.13272369860965072,-0.6987944717442708,0.7241055778466239,0.22296142036932481,-0.45821807020765454,-0.21163156526924468,0.21463455662472877,0.6934444123253406,1.4190369124061084,-0.15160770936977763,0.7238559386724637,0.1447309095416456
6,-0.126155715724783,0.06598009054047427,-0.05598327799748327,0.0005402275784135175,-0.0032972195541784524,-0.026670593140357742,-0.017511628218685894,0.033906115504693836,-0.043139799845700856,0.025088605873319098,0.03805776654725628,-0.1562965564622043,0.015001162638615872,0.08537336795646933,-0.04270413805241606,0.0014230604742120686,-0.02451798702811798,0.010742254907731138,0.044306694742256264,0.01020068694772084,-0.0040545604287145496,0.09222722061873254,0.06515259278341252,-0.024060456637251593,0.02374129419046681,0.01870302389912026,-0.06525352562766226,0.003924071079447258,-0.0649935707510761,0.0640853408594997
77,0.08440146704333178,-0.008703375516884737,0.22226033655248612,0.038692829984442685,0.08914793772278475,0.3240184641459135,0.23753757100913223,-0.15173848590618924,-0.1001150187751284,0.11824519269044576,0.015878476826204087,0.23671431518418612,0.11019958222246057,-0.05158995542930791,-0.646442864911763,0.693612598579782,-0.4494743389048832,0.6001716213510434,0.3209021885733612,0.5339926618393511,0.9324834645220322,-0.30668698252076715,-0.19980877565147556,0.5329254785338433,0.25993854369210945,0.34791349089489265,-0.678640776707762,-0.031863553778754265,-0.023166829199231,0.425387859126597
51,-0.02413048558923053,-0.03248492646294102,-0.009695104032887062,-0.07261902814917201,-0.01719067124667204,-0.08481764590035352,0.16906879920745074,0.09650463703702972,0.16171653032290043,0.06040289783192392,-0.06490355732221853,0.1410158010124934,0.15273902179877077,0.22583743520623625,0.348899586729255,0.40348620454274703,-0.33196721713201877,-0.4051221284732741,-0.7441621248259688,-0.12184009797802832,0.2437643119176643,0.1907204404344666,0.1689311077495123,0.047245535376092426,-0.0016410122120362083,0.024138818569123838,0.0386704202137441,-0.07749892627896933,-0.03910408115285416,0.09872488272944745
4,-0.06981579304964292,-0.11606312306941355,0.019392401223013056,-0.1530270646990993,0.03373919807326855,-0.008160278263249153,0.14773072228434542,0.19792344414139404,0.03153273221068407,0.16109790913361247,-0.09564523034527281,0.052821130736571416,-0.0019577128947745846,0.033516604544170214,0.0036524059115964264,-0.1054483731711384,-0.09542314418735205,0.019704086828085842,0.0043556030891322255,0.05543977104698433,-0.08202753265653331,-0.1022530662123159,-0.03581245537288956,0.01252940120401173,-0.18953155255546986,-0.10281330359031722,-0.05873351661765056,-0.052058726160468,0.05371572079955933,-0.026304638908778783
38,0.3100852699348608,-0.04216422334174373,-0.03331207962161977,-0.023365696504431682,0.6462785867391467,0.26227162524622033,0.2505056826697607,-0.5039361381490924,0.07398201628850434,0.16192848445753172,0.06967577266270138,0.045990871900168914,-0.08581343001798475,0.10434748620131619,-0.028637801886266898,-0.037254329693444284,0.002758925042375052,-0.04099818983720672,0.0038968041071956666,-0.09382473732154892,-0.039586471323684376,-0.004796950587068252,0.0027397923134845972,-0.015207231149657005,-0.02457145847037348,0.01192773087257047,0.018561718448052517,0.02198544553426958,0.0026954863846128754,-0.02101269177814091
36,0.23403016239947189,0.07452284385090623,-0.06280481986418744,0.21724903463482434,-0.09122693206491744,-0.049882943235150176,-0.35610118608362246,0.05777092561737637,0.9457859288269257,0.0641842883687704,-0.5080635694965091,-0.12093756047011187,-0.34575066419691314,-0.06590686931354547,-0.15720733479567253,0.022893837404727876,-0.039149859608566165,0.09044399128418883,0.024286746453301988,-0.14380164489352065,0.07136649523880788,-0.07290719079293378,0.006210623128742801,-0.15445180548238285,0.09316248733941762,-0.034178518506231576,0.03311000717013804,-0.034991360692246024,0.06291634501311989,0.2381532030453603
54,0.18428755575397937,0.016897531850728363,-0.0015356662087184117,0.013085474007685666,0.07402069990742412,0.03328952943767365,-0.026382899604340475,0.33765133991518637,-0.1439627342682856,-0.29708319372402686,0.20187458174671202,0.2829621832045145,-0.547831278608654,0.24944778064558706,-0.0744599967770972,-0.023584859141033723,-0.02025849364394991,0.051977020646384035,-0.052847525659917585,-0.0023776407706449206,-0.07499992905845809,0.04271741609445514,-0.03211734786156906,0.02120171464461002,0.05014545701739242,0.015124821789574801,0.010422784299357973,0.05208613407122796,-0.03736696674348151,-0.019311156903481605
43,-0.0028039267889625654,-0.09129402032944176,0.005812143554716196,-0.1878867868320573,0.08026242799102237,0.014205169369545016,0.11210041818372346,0.2154276657650856,0.022133949518912722,-0.03251843906245504,-0.11616909464110027,0.10986393429035637,0.197760548868027,-0.04939107399637296,-0.05060174360174978,-0.15971851135493315,0.037821285370218824,0.027161034605134058,-0.14365067741695695,-0.19760192483467548,0.08975831909037982,-0.34612131845359395,0.06627654755798991,-0.1254488389724383,-0.020083562945082352,-0.018971741584748344,-0.15858734079718084,0.3806873245094207,0.07716548372295776,-0.06938144705682409
48,0.09095343268690409,0.10218162868303589,-0.02451383652486417,0.10078716271831971,0.048976888354282516,-0.07841668011629498,-0.08675613845300581,-0.012502410396288187,0.0010025895164637133,-0.1988336402909014,0.2127861992374058,-0.2012448482086059,0.048047151044528766,0.0375004301125845,-0.0428685741362894,0.01875425648628238,-0.1520563687145089,-0.3408398687833117,0.13708888652975637,0.1419457630019273,-0.27060109913113406,0.1139676052140127,-0.18656537357197595,0.012037651118713483,0.009487285778940292,0.07192851515197977,-0.04169667286131168,0.35149521582592047,-0.03755184123287309,0.47529015645272826
67,-0.41208448182328017,-0.029582059726057965,0.06775531432519269,-0.3069004947412983,-0.20238684012510386,-0.23462143031658134,0.4963827701320528,0.07895335380364438,-0.12587199110139707,0.7138120712508284,0.5387614563829205,-1.1395113947945155,-1.0469987969233625,-0.8963269945012166,-0.4888009644148972,-0.1718827354603476,0.004116014369344901,-0.4658655011765066,-0.2899046862875109,-0.16645054176917382,0.3879764395882495,0.07365577659033057,-0.15025505747786916,0.29475173006145744,0.07894055139117788,0.14651635143981176,0.12902090952127138,0.1853412973722478,-0.04525422789763031,-0.14956906161408204
74,-0.1279785864217073,-0.04825669702714684,0.00457203506115195,-0.18782590604181976,-0.14756619336301074,0.027783336483538108,-0.008859538084836253,-0.03877320760966466,0.035161039611904976,0.09568358316139355,0.07872952843061058,-0.21707584208646205,-0.11262041143763565,0.02472726875294413,0.038094382038045826,-0.2106304811458699,0.08110791300850209,0.21611950797473112,-0.15472626129963196,0.25683069510648393,-0.2581473327951915,-0.6223781999201953,0.4106659302439889,-0.0972777044149108,-0.2921804444140105,-0.21828422159572836,0.03817919723593197,-0.5147576349382047,-0.39894161669556477,0.13917742088855406
26,0.10470069513385315,0.18564943934854752,0.002696286354479058,0.21153066823545305,-0.2988699902721026,-0.060615410941966465,-0.08414037764277696,-0.197638897174132,0.08554509538700246,-0.03285865115655899,0.011324763648990316,-0.12298076355082836,0.11669873626663446,0.35163769980882875,-0.15396084918692102,-0.18670216051716004,0.19571875995095725,-0.14625816845275844,-0.18790566430234376,-0.054144734649825076,0.08278476355279932,-0.07816721677264891,-0.2890334380897077,0.13960498486531156,-0.15345880102402035,0.03721110059711496,-0.06734415315829745,0.0953479975244752,-0.11583604834243244,0.016432388815923786
55,-0.11517667273476623,-0.06902777827816352,0.2581021083397979,0.007677795453693908,-0.19930891281424273,0.1449172425805597,0.08745233395738003,0.05083354229461281,-0.022531088297354167,0.23861593088107885,0.12611016594238225,0.06650312660324306,-0.23308499708925454,-0.28027761555883657,0.2587012552307865,0.09381467658562923,0.4428234565207332,0.0339620319012327,-0.0332027816565893,-0.4326556428610632,-0.13767363466785074,0.18985288606168232,0.059723250081523446,0.027257771169462923,0.007156841123422006,0.10917103168152266,-0.4638135316161761,-0.07668407305141993,0.49664953844693427,0.093963594028838
78,0.2150249799293279,-0.20049932101206214,-0.11638973132379146,0.04661227499295388,0.23502087016854464,-0.15086257680494156,0.09025287117538391,-0.014143317712376887,-0.03135728158997824,-0.013790256347803936,-0.08264078086266023,0.11502830329828989,0.03969628106741594,-0.21320541008135896,0.15686657582122765,-0.338245805300813,-0.04394581278011104,-0.13602333553599036,0.06902956979699369,0.1218844803566613,-0.3056673458329806,0.3970680428357474,-0.7798887177496213,0.5220055967922491,0.964028775617304,-1.002200091058577,-0.2076963272124529,-0.7873665815445551,0.06602664046541817,0.4193233504899138
52,-0.09594264551317146,-0.02119989339879231,-0.06695650550012648,-0.058174950216865084,0.0047291913531797725,0.02609563528673315,0.050334540595060887,0.11013093173279671,0.022024874628934047,9.055400542005727e-05,-0.08020985610769073,0.05144866427246135,0.07556778747623369,0.1679982540196636,-0.0930884435497583,0.009866119127726147,0.07713837264372574,-0.28667332296638526,0.3051244406960553,-0.12476371103466553,-0.11652094095090745,-0.18600105958006155,0.40739273228267875,0.6100769890901153,0.0446786416893356,-0.06274222823047028,0.23947763571490302,0.16521518067587998,0.10304545125958979,0.1205101825033898
25,0.04258379695317083,0.0803252031929268,-0.07955843756024568,0.056298333427338136,-0.1003726690829038,-0.6090704357565578,0.17631957118774025,-0.18816640740978105,-0.05700008779573697,0.040603880977290216,-0.055418894535491176,0.1376097509067753,-0.022701974393014423,0.050453903953851346,-0.004527983965401005,0.05051558596518553,-0.05592652197151352,0.02431614518263718,0.03402976550753542,0.020290501962868194,-0.03123206440802451,0.006993776916807729,0.02912773606125914,-0.014227077828176901,0.006637666631800132,-0.01551740926398244,-0.008006127167731577,0.021905389600795425,-0.009398796679292363,0.004257772166672549
12,0.1605741982974967,0.008044535086909069,-0.025359595753010094,-0.02006906181550249,0.16116318919070546,-0.004094962303268071,0.031993519283620805,0.110083858381169,-0.05687140895479995,-0.09013749706694005,-0.015553411577072315,-0.019302046321689678,0.09561525803393964,-0.11812660690761637,0.048778150217065844,-0.10176083735596264,0.1041048548138302,0.022073858846546085,-0.05570056154131833,-0.060110866724425775,-0.018472807619387396,-0.14134853945345682,0.03830705807820607,-0.10742799070962777,0.057358342196395,-0.0015328812896943252,-0.006136207406968559,0.1260073771346742,-0.0077474535725199425,0.07885521826865075
84,-0.08390452172165128,-0.11281042916002758,0.02914824901292548,-0.1355448517269179,0.08153223306124206,-0.010310781165657201,0.3590766225268336,0.2085053902961469,0.31362571174404125,0.282086527913953,-0.0719101334699314,0.32498947294834646,0.22808319379274933,0.4331344899057394,0.8326007825445493,0.8893323198476892,-0.7900580409022907,-0.8994589990199885,-1.63432453911522,-0.20517759489261972,0.5858660301644758,0.5207061780535744,0.3667098345063897,0.16477187701421833,0.14428992327308196,-0.10497953674829276,0.3321983610272418,-0.3466509312504925,-0.23397793228838998,0.26978513964970136
70,0.24404498305376077,0.14869942440004053,-0.11154668948375315,0.14021837442415885,0.08314985949103103,-0.17113361791036655,-0.37349999433738684,-0.004463094038626955,0.06430276503515481,-0.154294952908888,0.02363048742095656,-0.34222777463818976,0.04156785262062941,0.13749265585914708,0.08568067198058728,0.06878609698226665,-0.053865370939934,0.007254465866075226,-0.008182397527209409,0.1295543661544412,-0.04956181771924413,0.16518416766874275,-0.1581658927320724,0.3941555786156303,-0.3095795527875459,-0.3280381115796291,-0.07569407388743131,-0.17457224670519744,0.6325894041068678,-0.8369696085587299
31,-0.14043814806654922,0.1047214521896685,-0.09849129798146387,-0.011085304116077214,0.05117229477358872,-0.01639151363299191,-0.09220136781783421,0.0149526234401719,-0.11501788111113467,-0.1047607114052522,0.00019997259974299363,-0.35028525863080945,0.10381041416241041,0.25534692888678595,0.006008868217181021,-0.06263224850414596,-0.08644969052249991,0.37572951876904465,-0.01974621773161416,-0.20467518713569785,0.09966495525746995,0.17590709329660958,0.18797461257835976,-0.06380511208651073,0.20839628571005606,-0.1304881079186894,-0.16557887915036143,-0.0491979439669857,-0.0965917014465877,-0.20442483196732278
17,-0.08955774385425078,0.02339981195228813,0.0010258176132565628,-0.004155005628781265,0.04437722138071582,-0.011652554763735163,0.040691917117865635,0.08495597192116355,-0.08519774432126391,0.04176132029452803,0.013606038067366646,-0.11494376804581931,0.05018506671966745,0.14216001250001437,0.04505346975828593,0.05465029982865129,-0.16482021015369608,-0.05109045850648056,0.14428863907395958,0.04162642188093507,-0.03343057421009542,-0.041233373257483094,-0.1157993422701943,-0.18211683167870124,-0.03363875753164359,-0.09861306053878638,-0.018139807844885853,0.15095176599526014,0.022164056646802523,0.0565324295894219
18,0.16249114445694154,0.0336951934688536,-0.04619158365505533,0.12055275520510357,-0.006711419567652898,-0.029304413085739597,-0.19896662648669247,0.028800112442160172,0.45294921481828626,0.02922120500895312,-0.22201690947277208,-0.0834276203980278,-0.16573401943204363,-0.047106457851524994,-0.055433879498898074,0.05573412741458044,-0.039022733653322116,0.05529800278112527,0.02101660293874616,-0.06460200357102129,-0.011239023222661326,-0.052211748134748624,-0.007238979869283237,-0.04725254332736873,0.030044472216135546,-0.025246761639856334,0.004948290631541627,-0.03906615668226755,0.0610183839998834,0.12811864509828472
59,0.3173139311988054,0.15684449622853522,0.21414127403640007,0.29654133075160544,-0.48834617024584026,0.42043291543181127,-0.06064836809379709,-0.19564565870018963,-0.06638109749688284,-0.09442886175449532,0.08769217879654535,0.2295090519660263,0.1374972722525344,-0.5763949817682904,-0.27028050945661425,-0.32444850752045185,-0.9191025174184244,-0.10592795804208331,-0.011615457522124312,-0.10401858340523122,-0.5036970935384839,0.25247390532389097,0.3582492739993966,-0.1094802460482214,-0.05293811899533832,0.058149170847206895,0.0613343545009257,0.030914148300584584,-0.032109401188367775,-0.21494266279402957
39,-0.5916450006799556,0.31077823174825714,-0.41346868206282666,0.24464779826589345,0.10969032208016814,0.09693895275342185,0.020654128866029582,-0.03254752943618975,-0.011859486833802025,-0.05599793797995233,-0.05508518042439975,0.08321859007896147,-0.025442287316485346,-0.05391724632654711,0.01726731718247594,-0.0035589494359441576,-0.0033273024121221986,-0.001638305004689591,0.017690645241828833,0.016922147826557023,-0.006495321399287441,0.017450409872519806,0.014720309129997805,-0.022912618225164966,0.007292197339358099,0.003746714353453484,-0.014018620579345196,0.0015455178507561723,0.0040834867469726685,0.014025641204891299
88,-0.05560680723691092,-1.2567365763006049,-0.42191177711980676,0.47705255709819805,-0.07461211620947358,-0.012810660214555373,-0.08170359679068878,-0.05770097281142488,-0.11625437333743373,-0.02507066435687335,-0.022706678827426628,-0.003042703376477974,0.0315781873399172,-0.0076397718958686744,-0.0205375901981184,-0.09416332218653133,0.017170746789598425,-0.01925784987581085,-0.008729991535934525,0.030488937432821456,0.0050596459434804515,0.06124945522320879,-0.09713291857337866,0.04833702992771981,0.17201953329818628,-0.03018559372600715,0.016230989870573576,-0.03533553934359193,-0.056197067506363885,-0.01915115372285
60,0.21772446086338135,0.02362377525959477,-0.03523639568729028,0.0037291622436427373,0.21500854463035407,-0.01881233766617701,0.04276221849945593,0.17416741981253797,-0.13302391280594103,-0.1647885780818656,-0.018217560347053928,-0.054819144149692973,0.20870875923669618,-0.2478054671715922,0.1115061834783433,-0.18071974821027406,0.23312300867296812,0.12268553824583171,-0.16555709826900036,-0.23430060276915435,0.001193935815983887,-0.33950875561090177,0.0680316005800446,-0.34910369560396765,0.18652318005957738,0.12371176925630799,0.2200745557402687,0.39607283658540726,0.10650190032846271,0.17454793906905652
58,0.04973721999718144,-0.04724772897026873,0.05833493765445186,-0.032899360208117574,-0.005491509508731014,0.1376441542673019,0.07225173118996377,0.1340832025016712,0.15768666407702,0.08656968091619605,-0.21628181926639706,0.13071240399450196,-0.03308578639098552,-0.01567846737713315,0.06179214091451366,0.01892901552367252,0.0533996101989359,0.15097070345624508,0.32389973721309007,0.007203484224394319,0.1282430021572787,0.2304664368674212,-0.08887623293719901,0.17813472578040343,0.20879493266105564,0.0665878075232422,0.20177197448457138,0.25194512926652435,-0.47354284112745004,-0.49355332417393505
13,0.08244137590279754,-0.05407639724423265,0.0011583895595956677,-0.0487131478934472,0.05618809340363774,0.030163808605155672,0.09094198793039109,0.20648664287305987,0.019615418360739503,-0.003520735249681369,-0.07802338760188163,0.15380152380107806,0.0547136970522362,-0.06201925224084346,-0.06353813886663114,-0.04310506343229665,0.09218284802177094,-0.08224536906977804,0.06375981323947921,0.0660860045542952,0.010323269976624213,-0.02339157010466692,0.020683469413125617,0.11336664466643795,0.008132486063341651,0.11130635851746766,-0.05947440705390787,0.039084726981165926,-0.129908449353738,-0.11816561579457632
91,-0.11925580298654673,-0.12378937943640872,-0.1137322180923151,-0.5467996429508789,0.06071671841475072,-0.13365350430602696,-0.9017248548725935,-0.238499189445643,-0.11012354378174052,0.24801813702100328,0.16975826959719226,0.29221213787427436,-0.0104138111338253,-0.09940327548442059,-0.0138380425523653,-0.03339373783532037,-0.03946414202972006,-0.05670921161321037,-0.0356741819072655,0.032110330261530734,0.05160947565465152,-0.05607295072508913,-0.10487067957547402,0.059949770907222075,-0.03959560936527134,-0.15834527959216546,0.0486533528289152,0.057135382742319996,0.05859769628969403,-0.1435292698147425
7,0.0743137865085772,0.0912525199324286,-0.04120733057774904,0.07485824407520313,-0.02701635973453255,-0.02477887417126387,-0.040994732695739444,-0.030040400948910688,-0.0062504373852883145,-0.062228576940541645,0.025086251684357956,-0.09269634403183492,0.0764612577352998,0.10868579529898273,-0.0406532515221174,-0.050940101439598484,0.060026663211805595,-0.08696807267635552,-0.048727491206442826,0.024295352393149124,-0.01741681354734643,-0.020422951440666935,-0.1142823124366269,0.05204048815378731,-0.07046970091758332,0.02748457345756014,-0.0334046971010148,0.060759338855314204,-0.058571621845323996,0.02923780160270185
40,-0.11224048448915232,-0.07629538772118874,-0.00988675221219416,-0.08482118724417785,0.0599826291965911,-0.030299564471250352,0.059259731017065664,0.21312915701745364,-0.029290402855789058,0.13976955899770158,-0.06176531952752265,-0.021247729930522867,0.07070844460121667,0.11233183969897241,-0.010085196759492343,-0.11848966128400919,-0.11371276639064501,0.15427397304586926,0.08790522216721308,-0.07324332738602686,-0.1176045579786213,0.1995459710931225,-0.09865314463497632,0.09226301409357539,-0.3820014716249973,0.22791242143659576,0.0700105464287338,-0.2053250141472524,-0.09131442193672522,0.15990246735027533
83,-0.16126086639891202,0.12886831031079476,-0.047937899552463116,0.0343916157282713,-0.13291851044127276,0.09715588584184437,-0.15251912350127259,0.01120874292974314,-0.18062464346417823,0.14035466115146036,0.15609486372828701,-0.11872910339380291,-0.05212986843688166,0.26539273556793797,-0.14597810659141006,0.17298365093175724,0.22669370042787085,0.03333893043528596,0.07308977924334788,-0.07019024110566596,0.10294320411817026,-0.12416219722622544,0.04223499688808233,-0.2846996763466194,0.13226955539427818,-0.19507666502717688,0.3870226895121147,-0.4009106869087638,-0.08505026431830019,-0.2348737062183081
14,-0.06096765341988044,-0.01328773866612868,-0.014846906164210576,-0.10693299662598565,-0.030500744228626954,-0.0014411771827312321,0.057832610293570286,0.09024257423686813,-0.015034096413509047,0.03719436184128378,-5.9469369011760746e-05,-0.07588338652143908,-0.017307308389786915,0.061561400496573646,-0.0307052062444318,-0.14554231101541648,0.024613462634500743,0.044213268555787985,-0.06545836829293358,0.12585876676328053,-0.07419820976418084,-0.25970986355143183,0.17854317236583028,-0.060699060026590104,-0.10444448504478156,-0.1357552362852082,-0.005234938915515797,-0.19120450674241873,-0.10477487173175037,0.061322831718500996
24,0.2473538982433871,0.09075921717456233,-0.004934442500524347,0.10937512869417298,0.05609491325562299,-0.03586674132655869,-0.05651456476248008,0.08661124546365674,-0.12326511996311111,-0.1828579324083803,0.04586179132533595,0.023666869814502663,0.0014505923227797505,-0.217681324649236,0.0946703297473647,0.09510728836045035,0.10009434937265943,-0.15569589051497926,0.14602105539943835,-0.005335715505454505,0.26752900945528946,0.015578565378385303,0.09361308886034278,-0.06544030374638098,-0.16314153764188666,-0.05908124512338881,-0.01707633135201055,-0.11772825389760942,-0.045204722090408093,0.03243107457791808
64,-0.26842127931227405,-0.1866199868294698,-0.01575748120964369,-0.7421331204028306,-0.08320375474375735,-0.05881183125729819,-0.09621561285968468,-0.23152889770917642,-0.024625260152971267,-0.3462118611819553,-0.1364723883424686,-0.0865631588529883,-0.07777973565304505,-0.10138776471586414,-0.14693006486544605,-0.2664551743778996,-0.04820009043325405,0.0733705971515482,-0.17177008137431618,0.003648829181026229,0.03400220019297902,-0.3091505301886853,0.15817085321134466,-0.08442556608498335,-0.12829952874883668,-0.24167665094013818,-0.06492602706894286,-0.20291637488351497,-0.19877182994939901,-0.007584018998319086
3,-0.1029359043965077,-0.039118595364158175,0.0058866052306133934,-0.09841329700361234,0.04347052949860212,-0.0011891327810582362,0.04474488874893251,0.12064536657123728,-0.040961927590101345,0.03716564712811518,-0.04756908854713566,-0.07741092086740385,0.10327578900430154,0.086398570115911,0.02726419659199062,-0.05694922576796311,-0.11719041704521996,0.169445317237904,-0.03505314037063382,-0.14446207141632297,0.0731807313963312,0.09125717243066932,0.0763266755990044,-0.043514639871310996,0.05485318868438665,-0.04750966231607498,-0.10884739871528305,0.05875289263947937,-0.028785075244377505,-0.022696029785398236
47,0.023224207592511325,-0.05537890180361788,0.06510809198165284,-0.07203342294988789,-0.016014230999453656,0.07802415680545526,0.14522455365634665,0.18409963537011095,0.02701591697732631,0.0960857011093827,-0.08841465639943923,0.104969635874862,-0.02785168647379474,0.11167494462887265,0.04333475997585751,0.05999884334848804,-0.1381386889672146,-0.1327046458227566,0.08083612261170516,0.07871063660582589,0.06261850756659003,-0.27033425540444267,-0.24128915590994454,-0.0015182034629744635,-0.08254003183107249,-0.08176370495252198,0.026383672459953867,0.2143349602026574,0.21832487778030907,-0.2694032845796415
89,-0.41172636915820593,-0.11600076766927928,-0.12919683268875182,-0.24778726239189508,-0.09487238552561364,-0.23364452279768796,0.36808079709460534,0.14842903915983072,1.444528479267961,-0.5298277386706949,1.8787862361112526,0.3751505959435327,0.5134269244258116,-0.07467217507364875,0.03712025712833911,-0.05034733514205235,0.020156564475815528,0.1476685146197477,0.22752457833187195,-0.04049210358385692,0.048955697967571404,0.0967280756755458,-0.11832557775303282,-0.08635857675076085,0.05851069074654065,-0.07947921745075216,0.07905340603491892,-0.05102648654797407,0.01652698844591448,-0.030525005826925574
68,-0.05075319111551543,-0.027916018264170575,-0.1434501382616293,-0.21485470546795496,0.1350576911384177,-0.13557386740155927,-0.9873589479784635,-0.033038193023859484,-0.16826059920432548,0.6674069593240687,0.32666303580224126,0.33544568294278493,0.019038685689803048,-0.031796907793092,-0.00532038043002689,-0.00265150350335625,-0.03604905417164067,-0.01495228238411641,-0.022140231066965717,0.0012595336472917221,0.08740347666727714,-0.015321957915473857,0.011193061550475855,-0.024615746887483282,0.022385448056601948,-0.046494314969507664,0.04304185249780717,0.06308408558630829,-0.02674937174900889,0.0011029806348251097
33,-0.053832749245427136,0.0855357307268752,-0.012925651994401346,0.025814618043121206,-0.03400951350837934,0.041464735389594054,-0.04041412649874372,-0.05982532773257796,-0.020881505469849876,-0.0079573868317032,0.10893631909862418,-0.29732959598263714,-0.04528892232593498,0.09836384750577974,0.1086947387503231,0.18239283216707192,-0.017410505289174098,0.17093250108880167,0.034046262211122016,0.14942295761191585,-0.05577784780300432,-0.07857809648153924,0.064220502480373,-0.056453203465174816,0.07150208873476399,0.04884393617523841,0.14735061419200476,-0.047442864257472635,-0.0007547797859811314,0.0192669139949234
49,-0.028247930310093955,-0.03805101902231668,-0.07465595915455696,-0.10835867692376915,0.05862828630058246,-0.0730124194288018,-0.4068570940659805,0.021227371125999414,-0.07158415989593074,0.31295417825532446,0.12171163437062137,0.14761135262619787,0.030462568534858018,0.004131936226337145,0.017037360864969073,0.007171734566107145,-0.03474981543549023,0.002381668024666851,0.010925712053992285,-0.005165674335112227,-0.011489975073342483,0.037306168129590055,-0.0069906849963166755,-0.025395910746045677,0.007760581412595759,0.04407002146191114,-0.01085550668153222,0.011829870186048556,-0.034140204165619636,0.04380064323181093
90,0.029643510546875723,0.0077222045266747506,0.050357222641798725,-0.05750876706486478,-0.06421042130292708,0.24019937947279157,0.1598901062660179,-0.07727659296013949,0.2867928780094938,0.39014820364340286,-0.1726783317921693,0.16388232193192395,-0.03577500220317272,0.3688476044879914,-0.18914824888140352,-1.0648378592940744,0.7693685826041181,-0.16638801887939858,-0.14818763376831923,1.9624627948797901,0.6004933316964842,1.5106963605496964,1.0395076678285,-0.5931325236728576,-0.0230036234735252,-0.19044368506122555,0.25650735043711254,0.5403001936786884,0.976697536622562,0.29389515458561866
5,0.14475983502364317,0.04555339335045873,-0.031635534451909204,0.046334182417047766,0.08797415593299816,0.008742720150320338,-0.03657109889145197,-0.029865271210767458,-0.017491216264261332,-0.07392954361473152,0.06334111969403719,-0.12857984992949767,0.04269938651714555,-0.04661325223693201,0.10406491078091723,0.08730037181967064,0.024692354463314657,0.06920785333935664,-0.11319527981423627,0.17881817486495005,-0.13791384825945185,-0.07061763843123105,0.0080460456983363,0.055331999166533745,0.07219502574443568,0.18931242846747262,0.08562580223371466,-0.026818299488103783,0.009702980979141951,0.02075562284456538
2,0.08440122095318464,-0.003741503351637852,0.0017712036747383043,-0.012856411052861547,0.040528281346807214,0.023627434803973165,0.027393811816287864,0.03737022533607852,-0.025473485458137008,0.0012623366449784346,-0.0009823516186197151,0.0010944929491518416,0.04155831458779296,-0.020827030116523003,0.036923782763861365,-0.014357272169486464,0.06189901122106501,0.008610815462151223,-0.06235282980714903,0.09118299226397587,-0.03771502145708111,-0.04854454110924307,-0.0006085159902226696,0.05418153430394051,0.041993120935233594,0.05081860073222095,0.007661151047983962,-0.021441839687373402,-0.04226210488764337,0.007266569841596919
16,-0.061041913718072986,0.08356830437681068,0.1578488395792741,0.08800320063569023,-0.23641318290220198,0.18433786192687793,0.03438580821567847,-0.0872077557981328,-0.09477082560364346,0.04497013618539743,0.05624368339262413,-0.062125764316513406,-0.005236399850275656,0.07682114596180661,0.1134867852319101,0.09452325332446308,-0.031449241039188024,0.06793840621994816,0.10623575613628466,0.05323204577148095,0.08358025267336125,-0.09328853282507688,-0.013903823922843941,-0.11036454594347636,0.04953846039080673,-0.13533434998202706,0.14544707626784759,-0.05764613718395916,0.05515231061926604,0.02641417603499327
75,0.09527517393599401,-0.056111163329318196,-0.029878534215149202,-0.05673348614616365,0.0560573035084455,-0.2866576861589564,0.1616764799488565,0.14452839684935195,-0.18299612861013725,-0.049387756014486354,-0.1449243043320381,0.1029545590206815,0.1734328471898281,-0.07317588080422895,0.008632490855537698,-0.2740027942590559,-0.06339327726658961,0.3818173728172579,0.11209020841452945,-0.3861647318692786,0.510239844788248,0.10519377826238778,-0.27001411167619965,-0.14026826923489852,0.1897815674580629,0.42736958381118045,0.911448499232802,-0.0865275816989064,0.48647148614689717,0.06774351209331425
34,-0.1603370438065447,-0.3285533038948829,0.062283369186285804,-0.035378549131116356,-0.08936335423768903,0.05975325490352507,0.07811498675069128,0.08894417413675139,0.21197234614083982,0.07648050135051244,-0.024093400592039106,0.056310479482024785,-0.08001599606573581,0.016477586343099,0.12228599742566708,0.14014252077986827,-0.012569588154627276,0.15629307762471153,0.05454741141077974,-0.028115301422602705,-0.13586517816445987,-0.08078167105130521,0.1308598211757495,0.06942492040051175,-0.2097728310562937,0.022141982308910617,-0.09595592824546591,-0.0663221547106505,0.043621612228553514,-0.01657183546687824
85,-0.48364844011052277,-0.1892571943866073,0.8300292033525156,0.24789208803812662,0.2278027456631139,-0.11900950637153855,-0.0341752492107399,0.0244829734555828,0.042870744140212816,-0.011362574337239965,-0.0017995989662557,0.04996918734297024,0.020205046041018165,-0.019926185887927432,0.01644875374190151,0.05867621475251361,-0.02090460570703164,0.1744829551624638,-0.0282992685828647,-0.04349081059095626,0.045530832377374014,0.033829210993442965,0.1048232777079137,0.06787991918635312,0.004501184213229283,0.026793831190939317,-0.16802477753286357,0.044854498821349266,0.025339123374363275,-0.06786981905831352
76,-0.2742518321932084,-0.037463943039001336,-0.06172987968209792,-0.1114326075858451,0.007744276715803413,-0.06129658286687569,0.18189052158283425,0.09636333420703042,0.43937475628345357,-0.14549630775593392,0.44759317267488036,0.18196540450707116,0.18374559297337784,-0.012889769336740714,-0.03834019945879366,-0.024421580977428824,0.03250191509214419,0.06666273149925518,0.08839502877602273,0.06768410125608959,0.05345836698424566,0.0011519696273872503,-0.014325517014999957,-0.01884858122468447,-0.05285031455033475,-0.018438074787730376,-0.014779374027590032,0.05486866605742536,-0.022898933516884486,-0.07856507008517526
